query,winner,reason
how many locations does optum have in california?,parallel_agentic,provides specific numbers; has quality sources; fast response
How many providers does First Coast Cardiovascular Institute have?,parallel_oneshot,provides specific numbers; has quality sources; fast response
Make detailed research about First Coast Cardiovascular Institute,linkup_standard,provides specific numbers; has quality sources
How much Optum makes in revenue?,parallel_oneshot,provides specific numbers; has quality sources; confident answer
give me more details,you,provides specific numbers; has quality sources; fast response
How many locations does optum have in california?,valyu,provides specific numbers; has quality sources; fast response
please research ATL Pelvic Health,valyu,provides specific numbers; gives specific details; has quality sources; fast response
"please research: 
at4k.com",you,provides specific numbers; has quality sources; fast response
AMO physics machine learning 'AMO physics' machine learning applications,linkup_standard,provides specific numbers; has quality sources
"AMO machine learning DOE ""AMO"" ""machine learning"" Advanced Manufacturing Office AI ML",perplexity,provides specific numbers; has quality sources
AMO Nodebench 'AMO' 'Nodebench' integration 'AMO' 'Nodebench',perplexity,provides specific numbers; has quality sources
Nodebench Node.js 'Nodebench' 'bench-node' 'node-bench' benchmarking library,you,provides specific numbers; has quality sources
AMO machine learning 'AMO' 'machine learning' term 'AMO ML',linkup_deep,provides specific numbers; has quality sources
AMO Nodebench 'AMO' 'Nodebench',perplexity,provides specific numbers; has quality sources
Nodebench Node.js benchmark 'Nodebench' project,linkup_standard,provides specific numbers; has quality sources
capital of France,you,provides specific numbers; has quality sources
web research pricing rates per hour deliverables 'web research services' pricing 'freelance' 'hourly rate' 2024 2025,valyu,provides specific numbers; gives specific details; has quality sources; confident answer
best tools for web research 2025 'web research' tools list 'search specialists' tools,you,provides specific numbers; has quality sources
additional services offered by web search specialist list advanced services 'web search specialist' services,valyu,provides specific numbers; has quality sources
examples of web research tasks and deliverables for web search specialists,linkup_standard,has quality sources
what can a web search specialist do list of capabilities examples,perplexity,provides specific numbers; has quality sources
Snowflake Summit 2025 video YouTube 'Snowflake Summit 2025' 'Cortex AISQL' 'Snowflake' video 'earnings call' 'Snowflake earnings call 2025' YouTube,tavily,provides specific numbers; has quality sources
Snowflake SNOW stock price market cap EPS revenue latest quarterly results guidance 2025,perplexity,provides specific numbers; gives specific details; has quality sources
Snowflake Inc latest news October 2025 SNOW Snowflake news,you,provides specific numbers; gives specific details; has quality sources
Snowflake latest news October 2025 SNOW company news earnings product partnerships,perplexity,provides specific numbers; gives specific details; has quality sources
Snowflake stock price SNOW latest quote market cap revenue EPS guidance Q2 2025 earnings results financial data balance sheet income statement key metrics,you,provides specific numbers; gives specific details; has quality sources
Snowflake YouTube videos earnings call Snowflake keynote demo 2025 Snowflake Inc video recordings Snowflake Summit 2025,you,provides specific numbers; has quality sources
"founded after 2025 funded $2,000,000 or more companies",parallel_oneshot,provides specific numbers; has quality sources
founded after 2025 funded $2M or more companies,you,provides specific numbers; gives specific details; has quality sources
founded after 2025 funded $2M+ or more companies,you,provides specific numbers; gives specific details; has quality sources
artificial intelligence founded after 2025 funded $2M or more companies,parallel_agentic,provides specific numbers; has quality sources
"founded after 2025 funded 2,000,000 or more companies",you,provides specific numbers; gives specific details; has quality sources
General Intuition founded 2025 'founded' 'General Intuition' 'seed' 134m 'founded in 2025' 'founders',perplexity,provides specific numbers; gives specific details; has quality sources
software founded after 2025 funded $2M or more companies,you,provides specific numbers; has quality sources
Skatteverket official guidelines for Swedish invoice requirements VAT moms OCR reverse charge,linkup_deep,provides specific numbers; has quality sources; confident answer
"Find best practices for Swedish invoice formatting requirements including OCR numbers, date formats, VAT display (moms), and reverse charge taxation (omv√§nd beskattningsskyldighet)",linkup_deep,provides specific numbers; gives specific details; has quality sources; confident answer
accelerate version that supports keep_torch_compile in unwrap_model,perplexity,provides specific numbers; has quality sources
How to fix 'Accelerator.unwrap_model() got an unexpected keyword argument keep_torch_compile' error with latest transformers and accelerate versions? What's the correct way to make them compatible?,linkup_deep,provides specific numbers; has quality sources
What is JPYC stablecoin? How does it work technically? What blockchain does it use? How can developers integrate JPYC into applications for payment processing and accounting?,linkup_deep,provides specific numbers; has quality sources
jalali_table_calendar_plus Flutter package documentation JalaliTableCalendarOption parameters,perplexity,provides specific numbers; has quality sources; confident answer
What are the available parameters for JalaliTableCalendarOption in the jalali_table_calendar_plus Flutter package?,parallel_agentic,provides specific numbers; gives specific details; has quality sources
Swedish invoice formatting requirements VAT currency date format,you,provides specific numbers; has quality sources
Cloudflare Workers 1MB size limit workaround PDF libraries bundling,valyu,provides specific numbers; has quality sources
Cloudflare Workers PDF generation best practices 2024 performance comparison,linkup_deep,provides specific numbers; has quality sources
react-pdf @react-pdf/renderer Cloudflare Workers Swedish characters invoice template,parallel_agentic,provides specific numbers; gives specific details; has quality sources
jsPDF Cloudflare Workers Swedish characters internationalization fonts 2024,linkup_deep,provides specific numbers; has quality sources
pdfkit Cloudflare Workers example invoice generation,you,provides specific numbers; has quality sources
Cloudflare Browser Rendering API PDF generation invoice examples,you,provides specific numbers; has quality sources
pdf-lib Cloudflare Workers Swedish characters UTF-8 font support,linkup_deep,provides specific numbers; has quality sources
How to generate PDF invoices in a Cloudflare Worker environment? Looking for libraries that work with Cloudflare Workers runtime and can handle Swedish characters and formatting.,linkup_standard,provides specific numbers; has quality sources; confident answer
